new menu,bench marks,,,
TMB/PBM/DCBM'S ,Bench marks.dwg,bench marks.pdf,,
new menu,hydraulic,,,
FROM KM. 0.000 TO  KM. 4.425,FROM KM. 0.000 TO  KM. 4.425.dwg,FROM KM. 0.000 TO  KM. 4.425.pdf,,
FROM KM. 4.425 TO  KM. 10.250,FROM KM. 4.425 TO  KM. 10.250.dwg,FROM KM. 4.425 TO  KM. 10.250.pdf,,
FROM KM. 10.250 TO  KM. 10.750,FROM KM. 10.250 TO  KM. 10.750.dwg,FROM KM. 10.250 TO  KM. 10.750.pdf,,
FROM KM. 10.750 TO  KM. 13.975,FROM KM. 10.750 TO  KM. 13.975.dwg,FROM KM. 10.750 TO  KM. 13.975.pdf,,
FROM KM. 13.975 TO  KM. 14.300,FROM KM. 13.975 TO  KM. 14.300.dwg,FROM KM. 13.975 TO  KM. 14.300.pdf,,
FROM KM. 14.300 TO  KM. 15.000,FROM KM. 14.300 TO  KM. 15.000.dwg,FROM KM. 14.300 TO  KM. 15.000.pdf,,
FROM KM. 15.000 TO  KM. 15.200,FROM KM. 15.000 TO  KM. 15.200.dwg,FROM KM. 15.000 TO  KM. 15.200.pdf,,
FROM KM. 15.200 TO  KM. 34.093,FROM KM. 15.200 TO  KM. 34.093.dwg,FROM KM. 15.200 TO  KM. 34.093.pdf,,
FROM KM. 34.093 TO  KM. 42.566,FROM KM. 34.093 TO  KM. 42.566.dwg,FROM KM. 34.093 TO  KM. 42.566.pdf,,
FROM KM. 42.566 TO  KM. 57.500,FROM KM. 42.566 TO  KM. 57.500.dwg,FROM KM. 42.566 TO  KM. 57.500.pdf,,
FROM KM. 57.500 TO  KM. 59.800,FROM KM. 57.500 TO  KM. 59.800.dwg,FROM KM. 57.500 TO  KM. 59.800.pdf,,
FROM KM. 59.800 TO  KM. 60.200,FROM KM. 59.800 TO  KM. 60.200.dwg,FROM KM. 59.800 TO  KM. 60.200.pdf,,
FROM KM. 60.200 TO  KM. 61.950,FROM KM. 60.200 TO  KM. 61.950.dwg,FROM KM. 60.200 TO  KM. 61.950.pdf,,
FROM KM. 61.950 TO  KM. 63.325,FROM KM. 61.950 TO  KM. 63.325.dwg,FROM KM. 61.950 TO  KM. 63.325.pdf,,
FROM KM. 63.325 TO  KM. 65.020,FROM KM. 63.325 TO  KM. 65.020.dwg,FROM KM. 63.325 TO  KM. 65.020.pdf,,
FROM KM. 65.020 TO  KM. 67.400,FROM KM. 65.020 TO  KM. 67.400.dwg,FROM KM. 65.020 TO  KM. 67.400.pdf,,
FROM KM. 67.400 TO  KM. 68.400,FROM KM. 67.400 TO  KM. 68.400.dwg,FROM KM. 67.400 TO  KM. 68.400.pdf,,
FROM KM. 68.400 TO  KM. 69.500,FROM KM. 68.400 TO  KM. 69.500.dwg,FROM KM. 68.400 TO  KM. 69.500.pdf,,
FROM KM. 69.500 TO  KM. 73.500,FROM KM. 69.500 TO  KM. 73.500.dwg,FROM KM. 69.500 TO  KM. 73.500.pdf,,
FROM KM. 73.500 TO  KM. 74.500,FROM KM. 73.500 TO  KM. 74.500.dwg,FROM KM. 73.500 TO  KM. 74.500.pdf,,
FROM KM. 74.500 TO  KM. 75.500,FROM KM. 74.500 TO  KM. 75.500.dwg,FROM KM. 74.500 TO  KM. 75.500.pdf,,
FROM KM. 75.500 TO  KM. 76.412,FROM KM. 75.500 TO  KM. 76.412.dwg,FROM KM. 75.500 TO  KM. 76.412.pdf,,
FROM KM. 76.412 TO  KM. 76.612,FROM KM. 76.412 TO  KM. 76.612.dwg,FROM KM. 76.412 TO  KM. 76.612.pdf,,
FROM KM. 76.612 TO  KM. 76.712,FROM KM. 76.612 TO  KM. 76.712.dwg,FROM KM. 76.612 TO  KM. 76.712.pdf,,
FROM KM. 76.712 TO  KM. 76.975,FROM KM. 76.712 TO  KM. 76.975.dwg,FROM KM. 76.712 TO  KM. 76.975.pdf,,
FROM KM. 76.975 TO  KM. 77.900,FROM KM. 76.975 TO  KM. 77.900.dwg,FROM KM. 76.975 TO  KM. 77.900.pdf,,
FROM KM. 77.900 TO  KM. 79.050,FROM KM. 77.900 TO  KM. 79.050.dwg,FROM KM. 77.900 TO  KM. 79.050.pdf,,
FROM KM. 79.050 TO  KM. 79.175,FROM KM. 79.050 TO  KM. 79.175.dwg,FROM KM. 79.050 TO  KM. 79.175.pdf,,
FROM KM. 79.175 TO  KM. 80.250,FROM KM. 79.175 TO  KM. 80.250.dwg,FROM KM. 79.175 TO  KM. 80.250.pdf,,
FROM KM. 80.250 TO  KM. 84.000,FROM KM. 80.250 TO  KM. 84.000.dwg,FROM KM. 80.250 TO  KM. 84.000.pdf,,
FROM KM. 84.000 TO  KM. 84.675,FROM KM. 84.000 TO  KM. 84.675.dwg,FROM KM. 84.000 TO  KM. 84.675.pdf,,
FROM KM. 84.675 TO  KM. 84.775,FROM KM. 84.675 TO  KM. 84.775.dwg,FROM KM. 84.675 TO  KM. 84.775.pdf,,
FROM KM. 84.775 TO  KM. 84.800,FROM KM. 84.775 TO  KM. 84.800.dwg,FROM KM. 84.775 TO  KM. 84.800.pdf,,
FROM KM. 84.800 TO  KM. 85.325,FROM KM. 84.800 TO  KM. 85.325.dwg,FROM KM. 84.800 TO  KM. 85.325.pdf,,
FROM KM. 85.325 TO  KM. 85.350,FROM KM. 85.325 TO  KM. 85.350.dwg,FROM KM. 85.325 TO  KM. 85.350.pdf,,
FROM KM. 85.350 TO  KM. 87.825,FROM KM. 85.350 TO  KM. 87.825.dwg,FROM KM. 85.350 TO  KM. 87.825.pdf,,
FROM KM. 87.825 TO  KM. 87.875,FROM KM. 87.825 TO  KM. 87.875.dwg,FROM KM. 87.825 TO  KM. 87.875.pdf,,
FROM KM. 87.875 TO  KM. 88.050,FROM KM. 87.875 TO  KM. 88.050.dwg,FROM KM. 87.875 TO  KM. 88.050.pdf,,
FROM KM. 88.050 TO  KM. 88.075,FROM KM. 88.050 TO  KM. 88.075.dwg,FROM KM. 88.050 TO  KM. 88.075.pdf,,
FROM KM. 88.075 TO  KM. 88.650,FROM KM. 88.075 TO  KM. 88.650.dwg,FROM KM. 88.075 TO  KM. 88.650.pdf,,
FROM KM. 88.650 TO  KM. 88.675,FROM KM. 88.650 TO  KM. 88.675.dwg,FROM KM. 88.650 TO  KM. 88.675.pdf,,
FROM KM. 88.675 TO  KM. 89.360,FROM KM. 88.675 TO  KM. 89.360.dwg,FROM KM. 88.675 TO  KM. 89.360.pdf,,
FROM KM. 89.360 TO  KM. 91.250,FROM KM. 89.360 TO  KM. 91.250.dwg,FROM KM. 89.360 TO  KM. 91.250.pdf,,
FROM KM. 91.250 TO  KM. 94.125,FROM KM. 91.250 TO  KM. 94.125.dwg,FROM KM. 91.250 TO  KM. 94.125.pdf,,
FROM KM. 94.125 TO  KM. 94.150,FROM KM. 94.125 TO  KM. 94.150.dwg,FROM KM. 94.125 TO  KM. 94.150.pdf,,
FROM KM. 94.150 TO  KM. 94.900,FROM KM. 94.150 TO  KM. 94.900.dwg,FROM KM. 94.150 TO  KM. 94.900.pdf,,
FROM KM. 94.900 TO  KM. 95.500,FROM KM. 94.900 TO  KM. 95.500.dwg,FROM KM. 94.900 TO  KM. 95.500.pdf,,
FROM KM. 95.500 TO  KM. 95.780-98.260,FROM KM. 95.500 TO  KM. 95.780-98.260.dwg,FROM KM. 95.500 TO  KM. 95.780-98.260.pdf,,
FROM KM. 95.780-98.260 TO  KM. 99.229,FROM KM. 95.780-98.260 TO  KM. 99.229.dwg,FROM KM. 95.780-98.260 TO  KM. 99.229.pdf,,
new menu,structures,,,
INLET AT KM 0.300,,,0.300.jpg,0.300.xlsx
SLB AT KM 0.325,,,0.325.jpg,
OT AT KM 0.400,,,0.400.jpg,0.400.xlsx
SP AT KM 0.425,,,0.425.jpg,0.425.xlsx
SP AT KM 1.050,,,1.050.jpg,1.050.xlsx
SP AT KM 1.750,,,1.750.jpg,1.750.xlsx
SP AT KM 1.910,,,1.910.jpg,1.910.xlsx
SP AT KM 2.550,,,2.550.jpg,2.550.xlsx
OT AT KM 3.800,,,3.800.jpg,3.800.xlsx
CANAL SYPHON AT KM 4.425,,,4.425.jpg,4.425.xlsx
CANAL SYPHON AT KM 4.785,,,4.785.jpg,4.785.xlsx
UT AT KM 5.540,,,5.540.jpg,5.540.xlsx
OT AT KM 5.925,,,5.925.jpg,5.925.xlsx
UT AT KM 6.415,,,6.415.jpg,6.415.xlsx
SLB AT KM 6.675,,,6.675.jpg,
UT AT KM 6.985,,,6.985.jpg,6.985.xlsx
OT AT KM 7.680,,,7.680.jpg,7.680.xlsx
UT AT KM 8.650,,,8.650.jpg,8.650.xlsx
UT AT KM 8.680,,,8.680.jpg,8.680.xlsx
UT AT KM 9.025,,,9.025.jpg,9.025.xlsx
OT BLOCK NO.5 AT KM 9.978,,,9.978.jpg,9.978.xlsx
SLB AT KM 10.000,,,10.000.jpg,10.000.xlsx
UT AT KM 10.150,,,10.150.jpg,10.150.xlsx
UT AT KM 10.915,,,10.915.jpg,10.915.xlsx
SLB AT KM 12.230,,,12.230.jpg,12.230.xlsx
UT AT KM 12.540,,,12.540.jpg,12.540.xlsx
SOW/FSL AT KM 14.245,,,14.245.jpg,14.245.xlsx
Reg Cum SLB AT KM 15.200,,,15.200.jpg,15.200.xlsx
UT AT KM 15.425,,,15.425.jpg,15.425.xlsx
UT AT KM 16.625,,,16.625.jpg,16.625.xlsx
UT AT KM 17.410,,,17.410.jpg,17.410.xlsx
OT BLOCK NO.6 AT KM 17.625,,,17.625.jpg,17.625.xlsx
UT AT KM 17.705,,,17.705.jpg,17.705.xlsx
SLB AT KM 17.900,,,17.900.jpg,
UT AT KM 18.080,,,18.080.jpg,18.080.xlsx
OT BLOCK NO.7 AT KM 18.150,,,18.150.jpg,18.150.xlsx
UT AT KM 18.350,,,18.350.jpg,18.350.xlsx
UT AT KM 19.110,,,19.110.jpg,19.110.xlsx
UT AT KM 20.155,,,20.155.jpg,20.155.xlsx
UT AT KM 21.180,,,21.180.jpg,21.180.xlsx
0T BLOCK NO.8 AT KM 21.730,,,21.730.jpg,21.730.xlsx
SLB AT KM 21.800,,,21.800.jpg,21.800.xlsx
UT AT KM 21.830,,,21.830.jpg,21.830.xlsx
UT AT KM 22.460,,,22.460.jpg,22.460.xlsx
UT AT KM 23.500,,,23.500.jpg,23.500.xlsx
SP AT KM 24.045,,,24.045.jpg,24.045.xlsx
UT AT KM 24.728,,,24.728.jpg,24.728.xlsx
OT BLOCK NO.9 AT KM 25.300,,,25.300.jpg,25.300.xlsx
SP Cum SLB AT KM 25.468,,,25.468.jpg,25.468.xlsx
INLET & OUTLET AT KM 26.100,,,26.100.jpg,26.100.xlsx
SP AT KM 26.433,,,26.433.jpg,26.433.xlsx
SP AT KM 27.375,,,27.375.jpg,27.375.xlsx
SP AT KM 28.190,,,28.190.jpg,28.190.xlsx
OT BLOCK NO.10 AT KM 28.570,,,28.570.jpg,28.570.xlsx
DLB AT KM 29.570,,,29.570.jpg,29.570.xlsx
PUT AT KM 29.695,,,29.695.jpg,29.695.xlsx
SP AT KM 29.835,,,29.835.jpg,29.835.xlsx
PUT AT KM 29.845,,,29.845.jpg,29.845.xlsx
PUT AT KM 29.945,,,29.945.jpg,
UT AT KM 30.100,,,30.100.jpg,30.100.xlsx
PUT AT KM 30.368,,,30.368.jpg,30.368.xlsx
OT BLOK NO.11 AT KM 30.460,,,30.460.jpg,30.460.xlsx
DLB AT KM 30.485,,,30.485.jpg,30.485.xlsx
INLET AT KM 30.540,,,30.540.jpg,30.540.xlsx
BLE AT KM 30.850,,,30.850.jpg,30.850.xlsx
OT BLOCK NO.12 AT KM 32.146,,,32.146.jpg,32.146.xlsx
SLB AT KM 33.259,,,33.259.jpg,33.259.xlsx
SLB AT KM 33.259,,,33.259.jpg,33.259.xlsx
UT AT KM 33.876,,,33.876.jpg,33.876.xlsx
OT BLOCK NO.13 AT KM 33.901,,,33.901.jpg,33.901.xlsx
OLD Rly Bridge AT KM 33.900,,,33.900.jpg,33.900.xlsx
UT AT KM 33.926,,,33.926.jpg,33.926.xlsx
Rly Bridge AT KM 34.093,,,34.093.jpg,34.093.xlsx
UT AT KM 34.233,,,34.233.jpg,34.233.xlsx
OT BLOCK NO.14 AT KM 34.400,,,34.400.jpg,34.400.xlsx
SLB Cum Reg AT KM 34.400,,,34.400.jpg,34.400.xlsx
OT BLOCK NO.15A AT KM 35.175,,,35.175.jpg,35.175.xlsx
UT AT KM 35.232,,,35.232.jpg,
UT AT KM 36.532,,,36.532.jpg,36.532.xlsx
UT AT KM 37.077,,,37.077.jpg,37.077.xlsx
SLB AT KM 37.315,,,37.315.jpg,37.315.xlsx
UT AT KM 37.412,,,37.412.jpg,37.412.xlsx
DLB AT KM 38.379,,,38.379.jpg,38.379.xlsx
OT BLOCK NO.15B AT KM 38.440,,,38.440.jpg,38.440.xlsx
UT AT KM 38.707,,,38.707.jpg,38.707.xlsx
OT BLOCK NO.16 AT KM 38.930,,,38.930.jpg,38.930.xlsx
UT AT KM 39.267,,,39.267.jpg,39.267.xlsx
SLB AT KM 39.682,,,39.682.jpg,39.682.xlsx
UT AT KM 39.872,,,39.872.jpg,39.872.xlsx
UT AT KM 40.602,,,40.602.jpg,40.602.xlsx
SLB AT KM 41.046,,,41.046.jpg,41.046.xlsx
UT AT KM 42.151,,,42.151.jpg,
SLB AT KM 42.217,,,42.217.jpg,42.217.xlsx
UT AT KM 42.866,,,42.866.jpg,42.866.xlsx
UT AT KM 44.066,,,44.066.jpg,44.066.xlsx
UT AT KM 44.750,,,44.750.jpg,44.750.xlsx
UT AT KM 45.375,,,45.375.jpg,45.375.xlsx
UT AT KM 46.075,,,46.075.jpg,46.075.xlsx
OT BLOCK NO.17 AT KM 46.860,,,46.860.jpg,46.860.xlsx
UT AT KM 47.268,,,47.268.jpg,47.268.xlsx
Reg Cum SLB AT KM 47.450,,,47.450.jpg,47.450.xlsx
UT AT KM 48.160,,,48.160.jpg,48.160.xlsx
UT AT KM 48.710,,,48.710.jpg,48.710.xlsx
SLB AT KM 49.952,,,49.952.jpg,49.952.xlsx
SP AT KM 50.300,,,50.300.jpg,50.300.xlsx
OT BLOCK NO.18 AT KM 50.655,,,50.655.jpg,50.655.xlsx
UT AT KM 50.940,,,50.940.jpg,50.940.xlsx
UT AT KM 51.617,,,51.617.jpg,51.617.xlsx
OT BLOCK NO.19 AT KM 51.825,,,51.825.jpg,51.825.xlsx
UT AT KM 51.967,,,51.967.jpg,51.967.xlsx
UT AT KM 52.916,,,52.916.jpg,52.916.xlsx
UT AT KM 53.390,,,53.390.jpg,53.390.xlsx
UT AT KM 54.578,,,54.578.jpg,54.578.xlsx
UT AT KM 55.527,,,55.527.jpg,55.527.xlsx
SP AT KM 55.987,,,55.987.jpg,55.987.xlsx
UT AT KM 57.950,,,57.950.jpg,57.950.xlsx
OT BLOCK NO.20 AT KM 58.000,,,58.000.jpg,58.000.xlsx
UT AT KM 58.650,,,58.650.jpg,58.650.xlsx
UT AT KM 59.115,,,59.115.jpg,59.115.xlsx
SP AT KM 59.472,,,59.472.jpg,59.472.xlsx
UT AT KM 59.748,,,59.748.jpg,59.748.xlsx
UT AT KM 60.127,,,60.127.jpg,60.127.xlsx
UT AT KM 60.375,,,60.375.jpg,60.375.xlsx
UT AT KM 60.925,,,60.925.jpg,60.925.xlsx
SP AT KM 61.650,,,61.650.jpg,61.650.xlsx
OT BLOCK NO.21 AT KM 62.000,,,62.000.jpg,62.000.xlsx
OT BLOCK NO.22 AT KM 62.725,,,62.725.jpg,62.725.xlsx
SOW AT KM 62.990,,,62.990.jpg,62.990.xlsx
OT BOCK NO.25 AT KM 64.950,,,64.950.jpg,64.950.xlsx
OUT FALL Reg AT KM 65.020,,,65.020.jpg,
SLB AT KM 65.170,,,65.170.jpg,65.170.xlsx
INLET AT KM 66.070,,,66.070.jpg,66.070.xlsx
DLB AT KM 66.709,,,66.709.jpg,66.709.xlsx
SP AT KM 67.164,,,67.164.jpg,67.164.xlsx
UT AT KM 70.553,,,70.553.jpg,70.553.xlsx
UT AT KM 70.690,,,70.690.jpg,70.690.xlsx
FB AT KM 71.695,,,71.695.jpg,71.695.xlsx
SLB AT KM 71.871,,,71.871.jpg,71.871.xlsx
OT BLOCK NO.28 AT KM 72.200,,,72.200.jpg,72.200.xlsx
Pipe Syphon AT KM 72.311,,,72.311.jpg,72.311.xlsx
OT BLOCK NO.29&30 AT KM 72.650,,,72.650.jpg,72.650.xlsx
UT AT KM 72.800,,,72.800.jpg,72.800.xlsx
Pipe Syphon AT KM 73.725,,,73.725.jpg,73.725.xlsx
BT Aqueduct AT KM 74.175,,,74.175.jpg,74.175.xlsx
UT AT KM 75.587,,,75.587.jpg,75.587.xlsx
Surplus Escape AT KM 77.900,,,77.900.jpg,77.900.xlsx
UT AT KM 78.375,,,78.375.jpg,78.375.xlsx
UT AT KM 78.700,,,78.700.jpg,78.700.xlsx
UT AT KM 79.100,,,79.100.jpg,79.100.xlsx
INLET AT KM 79.475,,,79.475.jpg,79.475.xlsx
UT AT KM 79.755,,,79.755.jpg,79.755.xlsx
UT AT KM 80.375,,,80.375.jpg,80.375.xlsx
UT AT KM 80.950,,,80.950.jpg,80.950.xlsx
SLB/REG AT KM 81.500,,,81.500.jpg,81.500.xlsx
UT AT KM 81.575,,,81.575.jpg,81.575.xlsx
UT AT KM 81.940,,,81.940.jpg,81.940.xlsx
Surplus Escape AT KM 82.675,,,82.675.jpg,82.675.xlsx
UT AT KM 83.450,,,83.450.jpg,83.450.xlsx
UT AT KM 83.925,,,83.925.jpg,83.925.xlsx
UT AT KM 84.710,,,84.710.jpg,84.710.xlsx
OT BLOCK NO.31&32 AT KM 84.850,,,84.850.jpg,84.850.xlsx
OT BLOCK NO.33&34 AT KM 86.050,,,86.050.jpg,86.050.xlsx
INLET & OUTLET AT KM 88.300,,,88.300.jpg,88.300.xlsx
OT BLOCK NO.35 AT KM 88.475,,,88.475.jpg,88.475.xlsx
OT BLOCK NO.36 AT KM 89.100,,,89.100.jpg,89.100.xlsx
OT BLOCK NO.37 AT KM 91.800,,,91.800.jpg,91.800.xlsx
SLB AT KM 93.350,,,93.350.jpg,93.350.xlsx
BLE/REG AT KM 94.125,,,94.125.jpg,94.125.xlsx
UT AT KM 94.574,,,94.574.jpg,94.574.xlsx
LS FROM KM 0.000 to KM 56.260,,,LS 0.000.jpg,
CS of Ramp FROM KM 6.520 to KM 7.200,,,CS 6.520.jpg,
LS FROM KM 62.500 to KM 63.325,,,LS 62.500.jpg,
DEEP CUT FROM KM 0.450 to KM 16.805,,,DEEP 0.450.jpg,
LS FROM KM 61.700 to KM 61.920,,,LS 61.700.jpg,
CS AT KM 47.450,,,CS 47.450.jpg,
LINING FROM KM 94.000 to KM 94.200,,,L 94.000.jpg,
Single Bund Section FROM KM 82.000 to KM 83.000,,,SBS 82.000.jpg,
LS FROM KM 59.350 to KM 60.400,,,LS 59.350.jpg,
LS FROM KM 84.675 to KM 85.675,,,LS 84.675.jpg,
BORROW AREA PLAN FROM KM 94.000 to KM 95.780,,,BAP 94.000.jpg,
LS FROM KM 58.340 to KM 59.350,,,LS 58.340.jpg,
LS FROM KM 94.000 TO 95.780,,,LS 94.000.jpg,
BORROW AREA & SIDE BORROWS FROM KM 72.000 TO KM 74.000,,,BA & SB 72.000.jpg,
LS FROM KM 32.993 to KM 32.993+0.092,,,LS 32.993.jpg,
CC LAYING FOR CANAL CUTTING IN SOIL REACHES,,,CC L.jpg,
TGP MAIN CANAL SECTIONS,,,TGP MC.jpg,
LS OF FLOOD FLOW CANAL,,,LS FFC.jpg,
CHART OF TGP SYSTEM,,,CHART.jpg,
CS FROM KM 25.025 TO KM 25.075,,,CS 25.025.jpg,
CROSS SECTION AT KM 47.750,,,CS 47.450.jpg.jpg,
CS AT KM 89.350,,,CS89.350.jpg,
CS AT KM 89.375,,,CS89.375.jpg,
CS AT KM 89.400,,,CS89.400.jpg,
CS AT KM 89.425,,,CS89.425.jpg,
CS AT KM 89.450,,,CS89.450.jpg,
CS AT KM 89.475,,,CS89.475.jpg,
CS AT KM 89.500,,,CS89.500.jpg,
CS AT KM 89.550,,,CS89.550.jpg,
CS AT KM 89.575,,,CS89.575.jpg,
CS AT KM 89.600,,,CS89.600.jpg,
CS AT KM 89.625,,,CS89.625.jpg,
CS AT KM 89.650,,,CS89.650.jpg,
CS AT KM 89.675,,,CS89.675.jpg,
CS AT KM 89.700,,,CS89.700.jpg,
new menu,kmwise,,,
FROM KM 0.000 TO KM 1.000,FROM KM  0.000 TO KM  1.000.dwg,FROM KM  0.000 TO KM  1.000.pdf,,
FROM KM 1.000 TO KM 2.000,FROM KM  1.000 TO KM  2.000.dwg,FROM KM  1.000 TO KM  2.000.pdf,,
FROM KM 2.000 TO KM 3.000,FROM KM  2.000 TO KM  3.000.dwg,FROM KM  2.000 TO KM  3.000.pdf,,
FROM KM 3.000 TO KM 4.000,FROM KM  3.000 TO KM  4.000.dwg,FROM KM  3.000 TO KM  4.000.pdf,,
FROM KM 4.000 TO KM 5.000,FROM KM  4.000 TO KM  5.000.dwg,FROM KM  4.000 TO KM  5.000.pdf,,
FROM KM 5.000 TO KM 6.000,FROM KM  5.000 TO KM  6.000.dwg,FROM KM  5.000 TO KM  6.000.pdf,,
FROM KM 6.000 TO KM 7.000,FROM KM  6.000 TO KM  7.000.dwg,FROM KM  6.000 TO KM  7.000.pdf,,
FROM KM 7.000 TO KM 8.000,FROM KM  7.000 TO KM  8.000.dwg,FROM KM  7.000 TO KM  8.000.pdf,,
FROM KM 8.000 TO KM 9.000,FROM KM  8.000 TO KM  9.000.dwg,FROM KM  8.000 TO KM  9.000.pdf,,
FROM KM 9.000 TO KM 10.000,FROM KM  9.000 TO KM  10.000.dwg,FROM KM  9.000 TO KM  10.000.pdf,,
FROM KM 10.000 TO KM 11.000,FROM KM  10.000 TO KM  11.000.dwg,FROM KM  10.000 TO KM  11.000.pdf,,
FROM KM 11.000 TO KM 12.000,FROM KM  11.000 TO KM  12.000.dwg,FROM KM  11.000 TO KM  12.000.pdf,,
FROM KM 12.000 TO KM 13.000,FROM KM  12.000 TO KM  13.000.dwg,FROM KM  12.000 TO KM  13.000.pdf,,
FROM KM 13.000 TO KM 14.000,FROM KM  13.000 TO KM  14.000.dwg,FROM KM  13.000 TO KM  14.000.pdf,,
FROM KM 14.000 TO KM 15.000,FROM KM  14.000 TO KM  15.000.dwg,FROM KM  14.000 TO KM  15.000.pdf,,
FROM KM 15.000 TO KM 16.000,FROM KM  15.000 TO KM  16.000.dwg,FROM KM  15.000 TO KM  16.000.pdf,,
FROM KM 16.000 TO KM 17.000,FROM KM  16.000 TO KM  17.000.dwg,FROM KM  16.000 TO KM  17.000.pdf,,
FROM KM 17.000 TO KM 18.000,FROM KM  17.000 TO KM  18.000.dwg,FROM KM  17.000 TO KM  18.000.pdf,,
FROM KM 18.000 TO KM 19.000,FROM KM  18.000 TO KM  19.000.dwg,FROM KM  18.000 TO KM  19.000.pdf,,
FROM KM 19.000 TO KM 20.000,FROM KM  19.000 TO KM  20.000.dwg,FROM KM  19.000 TO KM  20.000.pdf,,
FROM KM 20.000 TO KM 21.000,FROM KM  20.000 TO KM  21.000.dwg,FROM KM  20.000 TO KM  21.000.pdf,,
FROM KM 21.000 TO KM 22.000,FROM KM  21.000 TO KM  22.000.dwg,FROM KM  21.000 TO KM  22.000.pdf,,
FROM KM 22.000 TO KM 23.000,FROM KM  22.000 TO KM  23.000.dwg,FROM KM  22.000 TO KM  23.000.pdf,,
FROM KM 23.000 TO KM 24.000,FROM KM  23.000 TO KM  24.000.dwg,FROM KM  23.000 TO KM  24.000.pdf,,
FROM KM 24.000 TO KM 25.000,FROM KM  24.000 TO KM  25.000.dwg,FROM KM  24.000 TO KM  25.000.pdf,,
FROM KM 25.000 TO KM 26.000,FROM KM  25.000 TO KM  26.000.dwg,FROM KM  25.000 TO KM  26.000.pdf,,
FROM KM 26.000 TO KM 27.000,FROM KM  26.000 TO KM  27.000.dwg,FROM KM  26.000 TO KM  27.000.pdf,,
FROM KM 27.000 TO KM 28.000,FROM KM  27.000 TO KM  28.000.dwg,FROM KM  27.000 TO KM  28.000.pdf,,
FROM KM 28.000 TO KM 29.000,FROM KM  28.000 TO KM  29.000.dwg,FROM KM  28.000 TO KM  29.000.pdf,,
FROM KM 29.000 TO KM 30.000,FROM KM  29.000 TO KM  30.000.dwg,FROM KM  29.000 TO KM  30.000.pdf,,
FROM KM 30.000 TO KM 31.000,FROM KM  30.000 TO KM  31.000.dwg,FROM KM  30.000 TO KM  31.000.pdf,,
FROM KM 31.000 TO KM 32.000,FROM KM  31.000 TO KM  32.000.dwg,FROM KM  31.000 TO KM  32.000.pdf,,
FROM KM 32.000 TO KM 33.000,FROM KM  32.000 TO KM  33.000.dwg,FROM KM  32.000 TO KM  33.000.pdf,,
FROM KM 33.000 TO KM 34.000,FROM KM  33.000 TO KM  34.000.dwg,FROM KM  33.000 TO KM  34.000.pdf,,
FROM KM 34.000 TO KM 35.000,FROM KM  34.000 TO KM  35.000.dwg,FROM KM  34.000 TO KM  35.000.pdf,,
FROM KM 35.000 TO KM 36.000,FROM KM  35.000 TO KM  36.000.dwg,FROM KM  35.000 TO KM  36.000.pdf,,
FROM KM 36.000 TO KM 37.000,FROM KM  36.000 TO KM  37.000.dwg,FROM KM  36.000 TO KM  37.000.pdf,,
FROM KM 37.000 TO KM 38.000,FROM KM  37.000 TO KM  38.000.dwg,FROM KM  37.000 TO KM  38.000.pdf,,
FROM KM 38.000 TO KM 39.000,FROM KM  38.000 TO KM  39.000.dwg,FROM KM  38.000 TO KM  39.000.pdf,,
FROM KM 39.000 TO KM 40.000,FROM KM  39.000 TO KM  40.000.dwg,FROM KM  39.000 TO KM  40.000.pdf,,
FROM KM 40.000 TO KM 41.000,FROM KM  40.000 TO KM  41.000.dwg,FROM KM  40.000 TO KM  41.000.pdf,,
FROM KM 41.000 TO KM 42.000,FROM KM  41.000 TO KM  42.000.dwg,FROM KM  41.000 TO KM  42.000.pdf,,
FROM KM 42.000 TO KM 43.000,FROM KM  42.000 TO KM  43.000.dwg,FROM KM  42.000 TO KM  43.000.pdf,,
FROM KM 43.000 TO KM 44.000,FROM KM  43.000 TO KM  44.000.dwg,FROM KM  43.000 TO KM  44.000.pdf,,
FROM KM 44.000 TO KM 45.000,FROM KM  44.000 TO KM  45.000.dwg,FROM KM  44.000 TO KM  45.000.pdf,,
FROM KM 45.000 TO KM 46.000,FROM KM  45.000 TO KM  46.000.dwg,FROM KM  45.000 TO KM  46.000.pdf,,
FROM KM 46.000 TO KM 47.000,FROM KM  46.000 TO KM  47.000.dwg,FROM KM  46.000 TO KM  47.000.pdf,,
FROM KM 47.000 TO KM 48.000,FROM KM  47.000 TO KM  48.000.dwg,FROM KM  47.000 TO KM  48.000.pdf,,
FROM KM 48.000 TO KM 49.000,FROM KM  48.000 TO KM  49.000.dwg,FROM KM  48.000 TO KM  49.000.pdf,,
FROM KM 49.000 TO KM 50.000,FROM KM  49.000 TO KM  50.000.dwg,FROM KM  49.000 TO KM  50.000.pdf,,
FROM KM 50.000 TO KM 51.000,FROM KM  50.000 TO KM  51.000.dwg,FROM KM  50.000 TO KM  51.000.pdf,,
FROM KM 51.000 TO KM 52.000,FROM KM  51.000 TO KM  52.000.dwg,FROM KM  51.000 TO KM  52.000.pdf,,
FROM KM 52.000 TO KM 53.000,FROM KM  52.000 TO KM  53.000.dwg,FROM KM  52.000 TO KM  53.000.pdf,,
FROM KM 53.000 TO KM 54.000,FROM KM  53.000 TO KM  54.000.dwg,FROM KM  53.000 TO KM  54.000.pdf,,
FROM KM 54.000 TO KM 55.000,FROM KM  54.000 TO KM  55.000.dwg,FROM KM  54.000 TO KM  55.000.pdf,,
FROM KM 55.000 TO KM 56.000,FROM KM  55.000 TO KM  56.000.dwg,FROM KM  55.000 TO KM  56.000.pdf,,
FROM KM 56.000 TO KM 57.000,FROM KM  56.000 TO KM  57.000.dwg,FROM KM  56.000 TO KM  57.000.pdf,,
FROM KM 57.000 TO KM 58.000,FROM KM  57.000 TO KM  58.000.dwg,FROM KM  57.000 TO KM  58.000.pdf,,
FROM KM 58.000 TO KM 59.000,FROM KM  58.000 TO KM  59.000.dwg,FROM KM  58.000 TO KM  59.000.pdf,,
FROM KM 59.000 TO KM 60.000,FROM KM  59.000 TO KM  60.000.dwg,FROM KM  59.000 TO KM  60.000.pdf,,
FROM KM 60.000 TO KM 61.000,FROM KM  60.000 TO KM  61.000.dwg,FROM KM  60.000 TO KM  61.000.pdf,,
FROM KM 61.000 TO KM 62.000,FROM KM  61.000 TO KM  62.000.dwg,FROM KM  61.000 TO KM  62.000.pdf,,
FROM KM 62.000 TO KM 63.000,FROM KM  62.000 TO KM  63.000.dwg,FROM KM  62.000 TO KM  63.000.pdf,,
FROM KM 63.000 TO KM 64.000,FROM KM  63.000 TO KM  64.000.dwg,FROM KM  63.000 TO KM  64.000.pdf,,
FROM KM 64.000 TO KM 65.000,FROM KM  64.000 TO KM  65.000.dwg,FROM KM  64.000 TO KM  65.000.pdf,,
FROM KM 65.000 TO KM 66.000,FROM KM  65.000 TO KM  66.000.dwg,FROM KM  65.000 TO KM  66.000.pdf,,
FROM KM 66.000 TO KM 67.000,FROM KM  66.000 TO KM  67.000.dwg,FROM KM  66.000 TO KM  67.000.pdf,,
FROM KM 67.000 TO KM 68.000,FROM KM  67.000 TO KM  68.000.dwg,FROM KM  67.000 TO KM  68.000.pdf,,
FROM KM 68.000 TO KM 69.000,FROM KM  68.000 TO KM  69.000.dwg,FROM KM  68.000 TO KM  69.000.pdf,,
FROM KM 69.000 TO KM 70.000,FROM KM  69.000 TO KM  70.000.dwg,FROM KM  69.000 TO KM  70.000.pdf,,
FROM KM 70.000 TO KM 71.000,FROM KM  70.000 TO KM  71.000.dwg,FROM KM  70.000 TO KM  71.000.pdf,,
FROM KM 71.000 TO KM 72.000,FROM KM  71.000 TO KM  72.000.dwg,FROM KM  71.000 TO KM  72.000.pdf,,
FROM KM 72.000 TO KM 73.000,FROM KM  72.000 TO KM  73.000.dwg,FROM KM  72.000 TO KM  73.000.pdf,,
FROM KM 73.000 TO KM 74.000,FROM KM  73.000 TO KM  74.000.dwg,FROM KM  73.000 TO KM  74.000.pdf,,
FROM KM 74.000 TO KM 75.000,FROM KM  74.000 TO KM  75.000.dwg,FROM KM  74.000 TO KM  75.000.pdf,,
FROM KM 75.000 TO KM 76.000,FROM KM  75.000 TO KM  76.000.dwg,FROM KM  75.000 TO KM  76.000.pdf,,
FROM KM 76.000 TO KM 77.000,FROM KM  76.000 TO KM  77.000.dwg,FROM KM  76.000 TO KM  77.000.pdf,,
FROM KM 77.000 TO KM 78.000,FROM KM  77.000 TO KM  78.000.dwg,FROM KM  77.000 TO KM  78.000.pdf,,
FROM KM 78.000 TO KM 79.000,FROM KM  78.000 TO KM  79.000.dwg,FROM KM  78.000 TO KM  79.000.pdf,,
FROM KM 79.000 TO KM 80.000,FROM KM  79.000 TO KM  80.000.dwg,FROM KM  79.000 TO KM  80.000.pdf,,
FROM KM 80.000 TO KM 81.000,FROM KM  80.000 TO KM  81.000.dwg,FROM KM  80.000 TO KM  81.000.pdf,,
FROM KM 81.000 TO KM 82.000,FROM KM  81.000 TO KM  82.000.dwg,FROM KM  81.000 TO KM  82.000.pdf,,
FROM KM 82.000 TO KM 83.000,FROM KM  82.000 TO KM  83.000.dwg,FROM KM  82.000 TO KM  83.000.pdf,,
FROM KM 83.000 TO KM 84.000,FROM KM  83.000 TO KM  84.000.dwg,FROM KM  83.000 TO KM  84.000.pdf,,
FROM KM 84.000 TO KM 85.000,FROM KM  84.000 TO KM  85.000.dwg,FROM KM  84.000 TO KM  85.000.pdf,,
FROM KM 85.000 TO KM 86.000,FROM KM  85.000 TO KM  86.000.dwg,FROM KM  85.000 TO KM  86.000.pdf,,
FROM KM 86.000 TO KM 87.000,FROM KM  86.000 TO KM  87.000.dwg,FROM KM  86.000 TO KM  87.000.pdf,,
FROM KM 87.000 TO KM 88.000,FROM KM  87.000 TO KM  88.000.dwg,FROM KM  87.000 TO KM  88.000.pdf,,
FROM KM 88.000 TO KM 89.000,FROM KM  88.000 TO KM  89.000.dwg,FROM KM  88.000 TO KM  89.000.pdf,,
FROM KM 89.000 TO KM 90.000,FROM KM  89.000 TO KM  90.000.dwg,FROM KM  89.000 TO KM  90.000.pdf,,
FROM KM 90.000 TO KM 91.000,FROM KM  90.000 TO KM  91.000.dwg,FROM KM  90.000 TO KM  91.000.pdf,,
FROM KM 91.000 TO KM 92.000,FROM KM  91.000 TO KM  92.000.dwg,FROM KM  91.000 TO KM  92.000.pdf,,
FROM KM 92.000 TO KM 93.000,FROM KM  92.000 TO KM  93.000.dwg,FROM KM  92.000 TO KM  93.000.pdf,,
FROM KM 93.000 TO KM 94.000,FROM KM  94.000 TO KM  95.000.dwg,FROM KM  93.000 TO KM  94.000.pdf,,
FROM KM 94.000 TO KM 95.000,FROM KM  94.000 TO KM  95.000.dwg,FROM KM  94.000 TO KM  95.000.pdf,,
FROM KM 95.000 TO KM 95.825-98.305,FROM KM 95.000 TO KM 95.825-98.305.dwg,FROM KM 95.000 TO KM 95.825-98.305.pdf,,
new menu,village,,,
VELUGODU,VELUGODU.dwg,,,
BOYAREVULA,BOYAREVULA.dwg,,,
NARAYANAPURM,NARAYANAPURM.dwg,,,
GALICHENNIAH PALEM,GALICHENNIAH PALEM.dwg,,,
RAMAPURAM,RAMAPURAM.dwg,,,
ERNAPADU,ERNAPADU.dwg,,,
KADAMALAKALVA,KADAMALAKALVA.dwg,,,
BUKKAPURAM 2nd PART,BUKKAPURAM 2nd PART.dwg,,,
THIMMAPURAM,THIMMAPURAM.dwg,,,
GOPAVARAM,GOPAVARAM.dwg,,,
BUKKAPURAM 1st PART,BUKKAPURAM 1st PART.dwg,,,
GAJULAPALLE,GAJULAPALLE.dwg,,,
BASAVAPURAM,BASAVAPURAM.dwg,,,
MAHADEVAPURAM,MAHADEVAPURAM.dwg,,,
KOTAKONDA,KOTAKONDA.dwg,,,
SRIRANGAPURAM,SRIRANGAPURAM.dwg,,,
ELLAVATTULA,ELLAVATTULA.dwg,,,
PEDDAKAMBALURU,PEDDAKAMBALURU.dwg,,,
VELAGALAPALLI,VELAGALAPALLI.dwg,,,
KONDAMAYAPALLI,KONDAMAYAPALLI.dwg,,,
RUDRAVARAM,RUDRAVARAM.dwg,,,
TALLALINGAMDINNE,TALLALINGAMDINNE.dwg,,,
NARASAPURAM,NARASAPURAM.dwg,,,
ALAMURU,ALAMURU.dwg,,,
AHOBILAM,AHOBILAM.dwg,,,
BACHEPALLE,BACHEPALLE.dwg,,,
MUTHYALAPADU,MUTHYALAPADU.dwg,,,
DANTLAVANIPENTA,DANTLAVANIPENTA.dwg,,,
GODIGANNERU,GODIGANNERU.dwg,,,
SETTIVEDDU,SETTIVEDDU.dwg,,,
CHINTALACHERUVU,CHINTALACHERUVU.dwg,,,
PEDDAVENGALI,PEDDAVENGALI.dwg,,,
CHINNAVENGALI,CHINNAVENGALI.dwg,,,
new menu,custom menu,,,
Base Cum Site Map,,Auto cad MAP,Base cum site map.dwg,
Base Cum Site Map,,PDF Image,Base cum site map-Model.pdf,
Site Map,,Site Map,sitemap.dwg,
Site Map,,Site Map PDF Copy,sitemap.pdf,
